ngram,count,z_score
bncbaby a,1,-0.30412378896591885
a sampling,1,-0.30412378896591885
sampling of,1,-0.30412378896591885
of the,83,23.535199452191353
the british,6,1.1494934818363538
british national,6,1.1494934818363538
national corpus,6,1.1494934818363538
corpus selection,1,-0.30412378896591885
selection design,1,-0.30412378896591885
design distribution,1,-0.30412378896591885
distribution research,1,-0.30412378896591885
research technologies,1,-0.30412378896591885
technologies service,1,-0.30412378896591885
service oxford,1,-0.30412378896591885
oxford university,2,-0.013400334805464332
university creation,1,-0.30412378896591885
creation of,2,-0.013400334805464332
of original,2,-0.013400334805464332
original bnc,1,-0.30412378896591885
bnc bnc,1,-0.30412378896591885
bnc consortium,4,0.5680465735154447
consortium oup,1,-0.30412378896591885
oup longman,1,-0.30412378896591885
longman ucrel,1,-0.30412378896591885
ucrel oucs,1,-0.30412378896591885
oucs chambers,1,-0.30412378896591885
chambers second,1,-0.30412378896591885
second edition,2,-0.013400334805464332
edition approximately,1,-0.30412378896591885
approximately four,1,-0.30412378896591885
four million,1,-0.30412378896591885
million words,2,-0.013400334805464332
words oxford,1,-0.30412378896591885
university computing,1,-0.30412378896591885
computing services,1,-0.30412378896591885
services 13,1,-0.30412378896591885
13 banbury,1,-0.30412378896591885
banbury road,1,-0.30412378896591885
road oxford,1,-0.30412378896591885
oxford ox2,1,-0.30412378896591885
ox2 6nn,1,-0.30412378896591885
6nn uk,1,-0.30412378896591885
uk telephone,1,-0.30412378896591885
telephone 44,1,-0.30412378896591885
44 1865,2,-0.013400334805464332
1865 273221,1,-0.30412378896591885
273221 facsimile,1,-0.30412378896591885
facsimile 44,1,-0.30412378896591885
1865 273275,1,-0.30412378896591885
273275 internet,1,-0.30412378896591885
internet mail,1,-0.30412378896591885
mail natcorpoucsoxacuk,1,-0.30412378896591885
natcorpoucsoxacuk bncb,1,-0.30412378896591885
bncb this,1,-0.30412378896591885
this version,1,-0.30412378896591885
version of,1,-0.30412378896591885
corpus is,4,0.5680465735154447
is licenced,1,-0.30412378896591885
licenced for,1,-0.30412378896591885
for distribution,1,-0.30412378896591885
distribution by,1,-0.30412378896591885
by oxford,1,-0.30412378896591885
oxford for,1,-0.30412378896591885
for information,1,-0.30412378896591885
information the,1,-0.30412378896591885
the conditions,1,-0.30412378896591885
conditions of,1,-0.30412378896591885
the standard,1,-0.30412378896591885
standard license,1,-0.30412378896591885
license agreement,1,-0.30412378896591885
agreement are,1,-0.30412378896591885
are as,1,-0.30412378896591885
as a,5,0.8587700276758993
a the,1,-0.30412378896591885
the bnc,10,2.3123872984781717
consortium grants,1,-0.30412378896591885
grants according,1,-0.30412378896591885
according to,1,-0.30412378896591885
to the,5,0.8587700276758993
the terms,1,-0.30412378896591885
terms and,1,-0.30412378896591885
and conditions,1,-0.30412378896591885
conditions b,1,-0.30412378896591885
b distribution,1,-0.30412378896591885
distribution of,1,-0.30412378896591885
bnc processed,3,0.2773231193549902
processed material,3,0.2773231193549902
material is,1,-0.30412378896591885
is restricted,1,-0.30412378896591885
restricted to,1,-0.30412378896591885
the c,1,-0.30412378896591885
c members,1,-0.30412378896591885
members of,1,-0.30412378896591885
the said,1,-0.30412378896591885
said research,1,-0.30412378896591885
research group,1,-0.30412378896591885
group must,1,-0.30412378896591885
must not,1,-0.30412378896591885
not except,1,-0.30412378896591885
except as,1,-0.30412378896591885
as herein,1,-0.30412378896591885
herein d,1,-0.30412378896591885
d the,5,0.8587700276758993
material may,2,-0.013400334805464332
may be,2,-0.013400334805464332
be installed,1,-0.30412378896591885
installed at,1,-0.30412378896591885
at the,2,-0.013400334805464332
the place,2,-0.013400334805464332
place or,1,-0.30412378896591885
or places,1,-0.30412378896591885
places e,1,-0.30412378896591885
e copies,1,-0.30412378896591885
copies of,1,-0.30412378896591885
be made,1,-0.30412378896591885
made for,1,-0.30412378896591885
for backup,1,-0.30412378896591885
backup f,1,-0.30412378896591885
f there,1,-0.30412378896591885
there is,3,0.2773231193549902
is no,1,-0.30412378896591885
no restriction,1,-0.30412378896591885
restriction on,1,-0.30412378896591885
on the,2,-0.013400334805464332
the use,1,-0.30412378896591885
use of,1,-0.30412378896591885
the licensees,1,-0.30412378896591885
licensees results,1,-0.30412378896591885
results g,1,-0.30412378896591885
g the,1,-0.30412378896591885
consortium does,1,-0.30412378896591885
does not,1,-0.30412378896591885
not grant,1,-0.30412378896591885
grant to,1,-0.30412378896591885
the licensee,1,-0.30412378896591885
licensee any,1,-0.30412378896591885
any rights,1,-0.30412378896591885
rights 15,1,-0.30412378896591885
15 march,1,-0.30412378896591885
march 2008,1,-0.30412378896591885
2008 the,1,-0.30412378896591885
corpus has,1,-0.30412378896591885
has no,1,-0.30412378896591885
no single,1,-0.30412378896591885
single source,1,-0.30412378896591885
source document,1,-0.30412378896591885
document for,1,-0.30412378896591885
for details,1,-0.30412378896591885
details of,4,0.5680465735154447
the the,1,-0.30412378896591885
corpus bnc,1,-0.30412378896591885
consortium was,1,-0.30412378896591885
was formed,1,-0.30412378896591885
formed in,1,-0.30412378896591885
in 1990,1,-0.30412378896591885
1990 and,1,-0.30412378896591885
and a,1,-0.30412378896591885
a second,1,-0.30412378896591885
edition the,1,-0.30412378896591885
the world,1,-0.30412378896591885
world edition,2,-0.013400334805464332
edition was,1,-0.30412378896591885
was produced,2,-0.013400334805464332
produced during,1,-0.30412378896591885
during between,1,-0.30412378896591885
between 1998,1,-0.30412378896591885
1998 this,1,-0.30412378896591885
this edition,1,-0.30412378896591885
edition is,1,-0.30412378896591885
is derived,1,-0.30412378896591885
derived from,1,-0.30412378896591885
from the,3,0.2773231193549902
bnc world,1,-0.30412378896591885
edition but,1,-0.30412378896591885
but has,1,-0.30412378896591885
has been,4,0.5680465735154447
been the,3,0.2773231193549902
bnc is,1,-0.30412378896591885
is the,1,-0.30412378896591885
the result,1,-0.30412378896591885
result of,1,-0.30412378896591885
of of,1,-0.30412378896591885
of a,33,8.999026744168626
a unique,9,2.0216638443177173
unique collaboration,1,-0.30412378896591885
collaboration between,1,-0.30412378896591885
between three,1,-0.30412378896591885
three major,1,-0.30412378896591885
major the,1,-0.30412378896591885
the development,1,-0.30412378896591885
development of,1,-0.30412378896591885
bnc was,2,-0.013400334805464332
was funded,1,-0.30412378896591885
funded by,1,-0.30412378896591885
by the,3,0.2773231193549902
the commercial,1,-0.30412378896591885
commercial partners,1,-0.30412378896591885
partners in,1,-0.30412378896591885
in the,7,1.4402169359968082
is a,2,-0.013400334805464332
a large,1,-0.30412378896591885
large corpus,1,-0.30412378896591885
corpus its,1,-0.30412378896591885
its hundred,1,-0.30412378896591885
hundred million,1,-0.30412378896591885
words are,1,-0.30412378896591885
are made,1,-0.30412378896591885
made up,1,-0.30412378896591885
up of,1,-0.30412378896591885
a sample,1,-0.30412378896591885
sample corpus,1,-0.30412378896591885
corpus it,3,0.2773231193549902
it is,2,-0.013400334805464332
is composed,1,-0.30412378896591885
composed of,1,-0.30412378896591885
of text,2,-0.013400334805464332
text samples,1,-0.30412378896591885
samples a,1,-0.30412378896591885
a synchronic,1,-0.30412378896591885
synchronic corpus,1,-0.30412378896591885
it includes,1,-0.30412378896591885
includes imaginative,1,-0.30412378896591885
imaginative a,1,-0.30412378896591885
a general,1,-0.30412378896591885
general corpus,1,-0.30412378896591885
is not,3,0.2773231193549902
not specifically,1,-0.30412378896591885
specifically a,1,-0.30412378896591885
a monolingual,1,-0.30412378896591885
monolingual british,1,-0.30412378896591885
british english,2,-0.013400334805464332
english corpus,1,-0.30412378896591885
corpus text,1,-0.30412378896591885
text a,2,-0.013400334805464332
a teiconformant,1,-0.30412378896591885
teiconformant corpus,1,-0.30412378896591885
corpus texts,1,-0.30412378896591885
texts in,1,-0.30412378896591885
the corpus,6,1.1494934818363538
corpus are,1,-0.30412378896591885
are 1986,1,-0.30412378896591885
1986 the,1,-0.30412378896591885
is now,1,-0.30412378896591885
now lexicography,1,-0.30412378896591885
lexicography the,1,-0.30412378896591885
corpus provides,3,0.2773231193549902
provides a,8,1.7309403901572629
a body,1,-0.30412378896591885
body of,1,-0.30412378896591885
of new,1,-0.30412378896591885
new data,1,-0.30412378896591885
data on,1,-0.30412378896591885
on word,1,-0.30412378896591885
word linguistic,1,-0.30412378896591885
linguistic research,1,-0.30412378896591885
research the,1,-0.30412378896591885
a standard,1,-0.30412378896591885
standard basis,1,-0.30412378896591885
basis for,1,-0.30412378896591885
for language,1,-0.30412378896591885
language technology,1,-0.30412378896591885
technology statistical,1,-0.30412378896591885
statistical techniques,1,-0.30412378896591885
techniques requiring,1,-0.30412378896591885
requiring very,1,-0.30412378896591885
very teaching,1,-0.30412378896591885
teaching the,1,-0.30412378896591885
a rich,1,-0.30412378896591885
rich source,1,-0.30412378896591885
source of,1,-0.30412378896591885
of examples,1,-0.30412378896591885
examples of,1,-0.30412378896591885
of as,1,-0.30412378896591885
a model,1,-0.30412378896591885
model future,1,-0.30412378896591885
future teiconformant,1,-0.30412378896591885
teiconformant corpora,1,-0.30412378896591885
corpora in,1,-0.30412378896591885
in english,1,-0.30412378896591885
english and,1,-0.30412378896591885
and definitive,1,-0.30412378896591885
definitive information,1,-0.30412378896591885
information on,1,-0.30412378896591885
the sampling,1,-0.30412378896591885
sampling policies,1,-0.30412378896591885
policies material,1,-0.30412378896591885
material included,1,-0.30412378896591885
included in,1,-0.30412378896591885
produced by,1,-0.30412378896591885
by treatment,1,-0.30412378896591885
treatment of,1,-0.30412378896591885
of perceived,1,-0.30412378896591885
perceived errors,1,-0.30412378896591885
errors in,1,-0.30412378896591885
the material,2,-0.013400334805464332
material was,1,-0.30412378896591885
was originally,13,3.1845576609595354
originally prepared,1,-0.30412378896591885
prepared variously,1,-0.30412378896591885
variously by,1,-0.30412378896591885
by copytyping,1,-0.30412378896591885
copytyping canonical,1,-0.30412378896591885
canonical references,1,-0.30412378896591885
references to,1,-0.30412378896591885
bnc should,1,-0.30412378896591885
should be,3,0.2773231193549902
be segments,1,-0.30412378896591885
segments are,1,-0.30412378896591885
are numbered,1,-0.30412378896591885
numbered sequentially,1,-0.30412378896591885
sequentially within,1,-0.30412378896591885
within each,1,-0.30412378896591885
each text,1,-0.30412378896591885
text or,3,0.2773231193549902
or stext,1,-0.30412378896591885
stext david,1,-0.30412378896591885
david lees,1,-0.30412378896591885
lees register,1,-0.30412378896591885
register and,1,-0.30412378896591885
and domain,1,-0.30412378896591885
domain classification,1,-0.30412378896591885
classification register,1,-0.30412378896591885
register classification,1,-0.30412378896591885
classification david,1,-0.30412378896591885
david lee,1,-0.30412378896591885
lee httpmembersxoomcomdavidlee00genreregisterzip,1,-0.30412378896591885
httpmembersxoomcomdavidlee00genreregisterzip bibliographic,1,-0.30412378896591885
bibliographic keywords,1,-0.30412378896591885
keywords from,1,-0.30412378896591885
from copac,1,-0.30412378896591885
copac keyword,1,-0.30412378896591885
keyword classifications,1,-0.30412378896591885
classifications httpcopacacuk,1,-0.30412378896591885
httpcopacacuk text,1,-0.30412378896591885
text mode,1,-0.30412378896591885
mode academic,1,-0.30412378896591885
academic prose,2,-0.013400334805464332
prose unscripted,1,-0.30412378896591885
unscripted conversation,1,-0.30412378896591885
conversation imaginative,1,-0.30412378896591885
imaginative prose,1,-0.30412378896591885
prose newspapers,1,-0.30412378896591885
newspapers and,1,-0.30412378896591885
and periodicals,1,-0.30412378896591885
periodicals agegroup,1,-0.30412378896591885
agegroup respondent,1,-0.30412378896591885
respondent age,6,1.1494934818363538
age 014,1,-0.30412378896591885
014 respondent,1,-0.30412378896591885
age 1524,1,-0.30412378896591885
1524 respondent,1,-0.30412378896591885
age 2534,1,-0.30412378896591885
2534 respondent,1,-0.30412378896591885
age 3544,1,-0.30412378896591885
3544 respondent,1,-0.30412378896591885
age 4559,1,-0.30412378896591885
4559 respondent,1,-0.30412378896591885
age 60,1,-0.30412378896591885
60 social,1,-0.30412378896591885
social class,1,-0.30412378896591885
class unknown,1,-0.30412378896591885
unknown class,1,-0.30412378896591885
class ab,1,-0.30412378896591885
ab respondent,1,-0.30412378896591885
respondent c1,1,-0.30412378896591885
c1 respondent,1,-0.30412378896591885
respondent c2,1,-0.30412378896591885
c2 respondent,1,-0.30412378896591885
respondent de,1,-0.30412378896591885
de respondent,1,-0.30412378896591885
respondent sex,2,-0.013400334805464332
sex respondent,1,-0.30412378896591885
sex unknown,2,-0.013400334805464332
unknown male,1,-0.30412378896591885
male respondent,1,-0.30412378896591885
respondent female,1,-0.30412378896591885
female respondent,1,-0.30412378896591885
respondent region,1,-0.30412378896591885
region unknown,1,-0.30412378896591885
unknown south,1,-0.30412378896591885
south midlands,1,-0.30412378896591885
midlands north,1,-0.30412378896591885
north sex,1,-0.30412378896591885
sex of,1,-0.30412378896591885
of author,1,-0.30412378896591885
author author,1,-0.30412378896591885
author sex,4,0.5680465735154447
unknown author,1,-0.30412378896591885
sex male,1,-0.30412378896591885
male author,1,-0.30412378896591885
sex female,1,-0.30412378896591885
female author,1,-0.30412378896591885
sex mixed,1,-0.30412378896591885
mixed estimated,1,-0.30412378896591885
estimated circulation,1,-0.30412378896591885
circulation size,1,-0.30412378896591885
size unknown,1,-0.30412378896591885
unknown circulation,1,-0.30412378896591885
circulation low,1,-0.30412378896591885
low circulation,1,-0.30412378896591885
circulation medium,1,-0.30412378896591885
medium circulation,1,-0.30412378896591885
circulation high,1,-0.30412378896591885
high circulation,1,-0.30412378896591885
circulation written,1,-0.30412378896591885
written domain,1,-0.30412378896591885
domain imaginative,1,-0.30412378896591885
imaginative informative,1,-0.30412378896591885
informative natural,1,-0.30412378896591885
natural pure,1,-0.30412378896591885
pure science,1,-0.30412378896591885
science informative,3,0.2773231193549902
informative applied,1,-0.30412378896591885
applied science,1,-0.30412378896591885
informative social,1,-0.30412378896591885
social science,1,-0.30412378896591885
informative world,1,-0.30412378896591885
world affairs,1,-0.30412378896591885
affairs informative,1,-0.30412378896591885
informative commerce,1,-0.30412378896591885
commerce finance,1,-0.30412378896591885
finance informative,1,-0.30412378896591885
informative arts,1,-0.30412378896591885
arts informative,1,-0.30412378896591885
informative belief,1,-0.30412378896591885
belief thought,1,-0.30412378896591885
thought informative,1,-0.30412378896591885
informative leisure,1,-0.30412378896591885
leisure publication,1,-0.30412378896591885
publication date,1,-0.30412378896591885
date 19601974,1,-0.30412378896591885
19601974 19751984,1,-0.30412378896591885
19751984 19851993,1,-0.30412378896591885
19851993 unknown,1,-0.30412378896591885
unknown global,1,-0.30412378896591885
global attributes,1,-0.30412378896591885
attributes a,2,-0.013400334805464332
a name,2,-0.013400334805464332
name or,1,-0.30412378896591885
or number,1,-0.30412378896591885
number used,2,-0.013400334805464332
used to,7,1.4402169359968082
to label,1,-0.30412378896591885
label any,1,-0.30412378896591885
any element,1,-0.30412378896591885
element activity,1,-0.30412378896591885
activity contains,1,-0.30412378896591885
contains a,27,7.254686019205899
a brief,5,0.8587700276758993
brief informal,2,-0.013400334805464332
informal description,4,0.5680465735154447
description of,12,2.8938342067990805
of what,1,-0.30412378896591885
what a,1,-0.30412378896591885
a participant,2,-0.013400334805464332
participant in,2,-0.013400334805464332
in a,9,2.0216638443177173
a level,1,-0.30412378896591885
level of,3,0.2773231193549902
of spontaneity,1,-0.30412378896591885
spontaneity contains,1,-0.30412378896591885
a postal,1,-0.30412378896591885
postal or,1,-0.30412378896591885
or other,6,1.1494934818363538
other address,1,-0.30412378896591885
address for,1,-0.30412378896591885
for example,4,0.5680465735154447
example of,1,-0.30412378896591885
a specifies,1,-0.30412378896591885
specifies the,16,4.056728023440899
the age,1,-0.30412378896591885
age in,1,-0.30412378896591885
in years,1,-0.30412378896591885
years of,1,-0.30412378896591885
a recorded,1,-0.30412378896591885
recorded participant,1,-0.30412378896591885
participant at,1,-0.30412378896591885
the time,1,-0.30412378896591885
time of,1,-0.30412378896591885
the marks,1,-0.30412378896591885
marks an,1,-0.30412378896591885
an temporal,1,-0.30412378896591885
temporal alignment,1,-0.30412378896591885
alignment point,1,-0.30412378896591885
point within,1,-0.30412378896591885
within transcribed,1,-0.30412378896591885
transcribed speech,2,-0.013400334805464332
speech supplies,1,-0.30412378896591885
supplies an,4,0.5680465735154447
an arbitrary,1,-0.30412378896591885
arbitrary identifier,1,-0.30412378896591885
identifier all,1,-0.30412378896591885
all attribute,1,-0.30412378896591885
attribute definition,1,-0.30412378896591885
definition provides,1,-0.30412378896591885
provides the,2,-0.013400334805464332
the definition,1,-0.30412378896591885
definition for,1,-0.30412378896591885
for a,8,1.7309403901572629
a single,7,1.4402169359968082
single attribute,1,-0.30412378896591885
attribute namespace,1,-0.30412378896591885
namespace specifies,1,-0.30412378896591885
the namespace,11,2.603110752638626
namespace to,2,-0.013400334805464332
to which,5,0.8587700276758993
which this,2,-0.013400334805464332
this attribute,1,-0.30412378896591885
attribute belongs,1,-0.30412378896591885
belongs supplies,1,-0.30412378896591885
supplies a,18,4.6381749317618075
unique identifier,8,1.7309403901572629
identifier supplies,8,1.7309403901572629
supplies the,16,4.056728023440899
namespace within,8,1.7309403901572629
within which,10,2.3123872984781717
which the,12,2.8938342067990805
the identifier,9,2.0216638443177173
identifier is,8,1.7309403901572629
is to,10,2.3123872984781717
to be,19,4.928898385922262
be contains,1,-0.30412378896591885
contains documentation,1,-0.30412378896591885
documentation for,2,-0.013400334805464332
for all,1,-0.30412378896591885
all the,2,-0.013400334805464332
the attributes,1,-0.30412378896591885
attributes associated,1,-0.30412378896591885
associated with,5,0.8587700276758993
with this,4,0.5680465735154447
this specifies,1,-0.30412378896591885
the indexing,2,-0.013400334805464332
indexing policy,5,0.8587700276758993
policy to,2,-0.013400334805464332
be used,4,0.5680465735154447
used for,3,0.2773231193549902
for one,3,0.2773231193549902
one or,5,0.8587700276758993
or more,5,0.8587700276758993
more supplies,1,-0.30412378896591885
be identifies,1,-0.30412378896591885
identifies the,8,1.7309403901572629
the attribute,5,0.8587700276758993
attribute to,1,-0.30412378896591885
the specifies,2,-0.013400334805464332
the required,2,-0.013400334805464332
required indexing,2,-0.013400334805464332
policy no,2,-0.013400334805464332
no part,3,0.2773231193549902
part of,6,1.1494934818363538
attribute will,1,-0.30412378896591885
will be,3,0.2773231193549902
be indexed,2,-0.013400334805464332
indexed the,1,-0.30412378896591885
attribute supplies,2,-0.013400334805464332
an identifier,2,-0.013400334805464332
identifier the,1,-0.30412378896591885
the value,3,0.2773231193549902
value of,2,-0.013400334805464332
attribute is,2,-0.013400334805464332
is used,2,-0.013400334805464332
used as,1,-0.30412378896591885
as the,1,-0.30412378896591885
to in,1,-0.30412378896591885
a bibliographic,3,0.2773231193549902
bibliographic reference,1,-0.30412378896591885
reference contains,1,-0.30412378896591885
contains the,8,1.7309403901572629
the name,8,1.7309403901572629
name of,8,1.7309403901572629
the authors,1,-0.30412378896591885
authors main,1,-0.30412378896591885
main country,1,-0.30412378896591885
country of,1,-0.30412378896591885
of residence,1,-0.30412378896591885
residence where,1,-0.30412378896591885
where known,2,-0.013400334805464332
known internal,1,-0.30412378896591885
internal identifier,4,0.5680465735154447
identifier year,1,-0.30412378896591885
year of,2,-0.013400334805464332
of birth,1,-0.30412378896591885
birth where,1,-0.30412378896591885
known supplies,1,-0.30412378896591885
supplies information,2,-0.013400334805464332
information about,6,1.1494934818363538
about the,5,0.8587700276758993
the availability,1,-0.30412378896591885
availability of,1,-0.30412378896591885
a text,9,2.0216638443177173
text for,1,-0.30412378896591885
for contains,2,-0.013400334805464332
contains bibliographic,1,-0.30412378896591885
bibliographic description,2,-0.013400334805464332
a source,1,-0.30412378896591885
source text,1,-0.30412378896591885
text in,3,0.2773231193549902
in bibliographic,1,-0.30412378896591885
bibliographic citation,3,0.2773231193549902
citation contains,1,-0.30412378896591885
a looselystructured,1,-0.30412378896591885
looselystructured bibliographic,1,-0.30412378896591885
citation of,1,-0.30412378896591885
of which,2,-0.013400334805464332
which a,3,0.2773231193549902
a code,13,3.1845576609595354
code briefly,12,2.8938342067990805
briefly characterising,12,2.8938342067990805
characterising the,12,2.8938342067990805
the way,12,2.8938342067990805
way the,12,2.8938342067990805
the element,20,5.219621840082717
element content,13,3.1845576609595354
content was,12,2.8938342067990805
originally bold,12,2.8938342067990805
bold weight,12,2.8938342067990805
weight font,12,2.8938342067990805
font boxed,12,2.8938342067990805
boxed superscript,12,2.8938342067990805
superscript italic,24,6.382515656724535
italic and,24,6.382515656724535
and bold,12,2.8938342067990805
bold italic,12,2.8938342067990805
italic superscript,12,2.8938342067990805
italic subscript,12,2.8938342067990805
subscript italic,12,2.8938342067990805
italic font,12,2.8938342067990805
font italic,12,2.8938342067990805
and underlined,12,2.8938342067990805
underlined subscript,12,2.8938342067990805
subscript centrealigned,12,2.8938342067990805
centrealigned roman,12,2.8938342067990805
roman within,12,2.8938342067990805
within italic,12,2.8938342067990805
italic strikeout,12,2.8938342067990805
strikeout bold,12,2.8938342067990805
bold underlined,12,2.8938342067990805
underlined underlined,12,2.8938342067990805
underlined crossedout,12,2.8938342067990805
crossedout tei,1,-0.30412378896591885
tei corpus,1,-0.30412378896591885
corpus contains,1,-0.30412378896591885
the whole,1,-0.30412378896591885
whole of,1,-0.30412378896591885
a tei,2,-0.013400334805464332
tei encoded,1,-0.30412378896591885
encoded corpus,1,-0.30412378896591885
corpus comprising,1,-0.30412378896591885
comprising a,1,-0.30412378896591885
a contains,3,0.2773231193549902
a distinct,1,-0.30412378896591885
distinct document,1,-0.30412378896591885
document within,1,-0.30412378896591885
within the,3,0.2773231193549902
corpus either,1,-0.30412378896591885
either spoken,1,-0.30412378896591885
spoken character,1,-0.30412378896591885
character contains,1,-0.30412378896591885
a significant,1,-0.30412378896591885
significant punctuation,1,-0.30412378896591885
punctuation mark,2,-0.013400334805464332
mark as,1,-0.30412378896591885
as identified,2,-0.013400334805464332
identified by,2,-0.013400334805464332
the claws,4,0.5680465735154447
claws tagger,1,-0.30412378896591885
tagger the,1,-0.30412378896591885
claws 5,3,0.2773231193549902
5 code,3,0.2773231193549902
code associated,3,0.2773231193549902
this punctuation,1,-0.30412378896591885
punctuation any,1,-0.30412378896591885
any separating,1,-0.30412378896591885
separating punctuation,1,-0.30412378896591885
mark opening,1,-0.30412378896591885
opening round,1,-0.30412378896591885
round or,2,-0.013400334805464332
or square,2,-0.013400334805464332
square parenthesis,2,-0.013400334805464332
parenthesis closing,1,-0.30412378896591885
closing round,1,-0.30412378896591885
parenthesis any,1,-0.30412378896591885
any quotation,1,-0.30412378896591885
quotation mark,1,-0.30412378896591885
mark category,1,-0.30412378896591885
category description,1,-0.30412378896591885
description provides,2,-0.013400334805464332
a description,2,-0.013400334805464332
description for,1,-0.30412378896591885
one category,1,-0.30412378896591885
category within,2,-0.013400334805464332
the text,5,0.8587700276758993
text taxonomies,1,-0.30412378896591885
taxonomies category,1,-0.30412378896591885
category reference,1,-0.30412378896591885
reference provides,1,-0.30412378896591885
a list,8,1.7309403901572629
list of,7,1.4402169359968082
of codes,1,-0.30412378896591885
codes identifying,1,-0.30412378896591885
identifying the,3,0.2773231193549902
the categories,2,-0.013400334805464332
categories to,1,-0.30412378896591885
which identifies,2,-0.013400334805464332
categories concerned,1,-0.30412378896591885
concerned category,1,-0.30412378896591885
category defines,1,-0.30412378896591885
defines a,2,-0.013400334805464332
single category,1,-0.30412378896591885
within a,3,0.2773231193549902
a taxonomy,1,-0.30412378896591885
taxonomy of,1,-0.30412378896591885
of texts,1,-0.30412378896591885
texts summarizes,1,-0.30412378896591885
summarizes a,1,-0.30412378896591885
a particular,2,-0.013400334805464332
particular change,1,-0.30412378896591885
change or,1,-0.30412378896591885
or correction,1,-0.30412378896591885
correction made,1,-0.30412378896591885
made supplies,1,-0.30412378896591885
the date,2,-0.013400334805464332
date of,1,-0.30412378896591885
the change,1,-0.30412378896591885
change in,1,-0.30412378896591885
in standard,1,-0.30412378896591885
standard form,1,-0.30412378896591885
form ie,1,-0.30412378896591885
ie yyyymmdd,1,-0.30412378896591885
yyyymmdd indicates,1,-0.30412378896591885
indicates the,12,2.8938342067990805
the person,4,0.5680465735154447
person or,5,0.8587700276758993
or group,4,0.5680465735154447
group of,6,1.1494934818363538
of classcode,1,-0.30412378896591885
classcode contains,1,-0.30412378896591885
the classification,2,-0.013400334805464332
classification code,1,-0.30412378896591885
code used,1,-0.30412378896591885
for this,1,-0.30412378896591885
this text,1,-0.30412378896591885
in some,1,-0.30412378896591885
some identifies,1,-0.30412378896591885
classification system,1,-0.30412378896591885
system or,1,-0.30412378896591885
or taxonomy,1,-0.30412378896591885
taxonomy in,1,-0.30412378896591885
in use,1,-0.30412378896591885
use classification,1,-0.30412378896591885
classification declarations,1,-0.30412378896591885
declarations contains,1,-0.30412378896591885
contains one,4,0.5680465735154447
more taxonomies,1,-0.30412378896591885
taxonomies defining,1,-0.30412378896591885
defining any,1,-0.30412378896591885
any classificatory,1,-0.30412378896591885
classificatory supplies,1,-0.30412378896591885
supplies any,2,-0.013400334805464332
any additional,4,0.5680465735154447
additional icuconformant,2,-0.013400334805464332
icuconformant collating,1,-0.30412378896591885
collating rules,1,-0.30412378896591885
rules to,2,-0.013400334805464332
used when,1,-0.30412378896591885
when sorting,1,-0.30412378896591885
sorting correction,1,-0.30412378896591885
correction contains,1,-0.30412378896591885
the correct,1,-0.30412378896591885
correct form,1,-0.30412378896591885
form of,46,12.778431648254534
a passage,2,-0.013400334805464332
passage apparently,1,-0.30412378896591885
apparently erroneous,1,-0.30412378896591885
erroneous in,1,-0.30412378896591885
the copy,1,-0.30412378896591885
copy text,1,-0.30412378896591885
text contains,3,0.2773231193549902
contains verbatim,1,-0.30412378896591885
verbatim text,1,-0.30412378896591885
text which,1,-0.30412378896591885
which has,3,0.2773231193549902
been corrected,1,-0.30412378896591885
corrected or,1,-0.30412378896591885
or an,3,0.2773231193549902
an empty,1,-0.30412378896591885
empty string,1,-0.30412378896591885
string if,1,-0.30412378896591885
if a,1,-0.30412378896591885
crossedout a,1,-0.30412378896591885
code identifying,1,-0.30412378896591885
the agency,2,-0.013400334805464332
agency responsible,3,0.2773231193549902
responsible for,4,0.5680465735154447
for making,1,-0.30412378896591885
making the,1,-0.30412378896591885
the contains,1,-0.30412378896591885
contains information,1,-0.30412378896591885
the creation,1,-0.30412378896591885
text supplies,2,-0.013400334805464332
the year,1,-0.30412378896591885
original composition,1,-0.30412378896591885
composition if,1,-0.30412378896591885
if known,1,-0.30412378896591885
known or,1,-0.30412378896591885
or 0000000,1,-0.30412378896591885
0000000 if,1,-0.30412378896591885
if contains,1,-0.30412378896591885
a date,1,-0.30412378896591885
date in,1,-0.30412378896591885
in any,1,-0.30412378896591885
any format,1,-0.30412378896591885
format supplies,1,-0.30412378896591885
a standardized,1,-0.30412378896591885
standardized representation,1,-0.30412378896591885
representation of,1,-0.30412378896591885
date specifies,1,-0.30412378896591885
the default,3,0.2773231193549902
default declared,1,-0.30412378896591885
declared value,1,-0.30412378896591885
value for,1,-0.30412378896591885
for an,3,0.2773231193549902
an attribute,3,0.2773231193549902
attribute description,1,-0.30412378896591885
description contains,2,-0.013400334805464332
brief description,3,0.2773231193549902
the purpose,1,-0.30412378896591885
purpose and,1,-0.30412378896591885
and application,1,-0.30412378896591885
application for,1,-0.30412378896591885
contains an,4,0.5680465735154447
an informal,2,-0.013400334805464332
the regional,1,-0.30412378896591885
regional variety,1,-0.30412378896591885
variety of,1,-0.30412378896591885
of supplies,1,-0.30412378896591885
a person,1,-0.30412378896591885
other agency,1,-0.30412378896591885
for the,8,1.7309403901572629
text division,1,-0.30412378896591885
division contains,1,-0.30412378896591885
a subdivision,1,-0.30412378896591885
subdivision of,1,-0.30412378896591885
the front,1,-0.30412378896591885
front body,1,-0.30412378896591885
body or,1,-0.30412378896591885
or back,1,-0.30412378896591885
back of,1,-0.30412378896591885
a for,1,-0.30412378896591885
a spoken,3,0.2773231193549902
spoken text,6,1.1494934818363538
text identities,2,-0.013400334805464332
identities the,2,-0.013400334805464332
the tape,1,-0.30412378896591885
tape corresponding,1,-0.30412378896591885
corresponding to,1,-0.30412378896591885
to this,1,-0.30412378896591885
this for,1,-0.30412378896591885
the declarations,1,-0.30412378896591885
declarations for,1,-0.30412378896591885
for setting,1,-0.30412378896591885
setting specifies,1,-0.30412378896591885
the hierarchic,1,-0.30412378896591885
hierarchic level,1,-0.30412378896591885
of this,4,0.5680465735154447
this division,1,-0.30412378896591885
division as,1,-0.30412378896591885
a number,2,-0.013400334805464332
number identifies,1,-0.30412378896591885
the type,3,0.2773231193549902
type or,1,-0.30412378896591885
or function,1,-0.30412378896591885
function of,2,-0.013400334805464332
the division,1,-0.30412378896591885
division for,1,-0.30412378896591885
a written,1,-0.30412378896591885
written text,3,0.2773231193549902
crossedout edition,1,-0.30412378896591885
edition describes,1,-0.30412378896591885
describes the,6,1.1494934818363538
the particularities,1,-0.30412378896591885
particularities of,1,-0.30412378896591885
of one,1,-0.30412378896591885
one edition,2,-0.013400334805464332
edition of,2,-0.013400334805464332
an identifying,2,-0.013400334805464332
identifying number,2,-0.013400334805464332
number for,3,0.2773231193549902
the edition,1,-0.30412378896591885
edition edition,1,-0.30412378896591885
edition statement,1,-0.30412378896591885
statement groups,3,0.2773231193549902
groups information,5,0.8587700276758993
information relating,2,-0.013400334805464332
relating to,2,-0.013400334805464332
to one,1,-0.30412378896591885
text editor,1,-0.30412378896591885
editor secondary,1,-0.30412378896591885
secondary statement,1,-0.30412378896591885
statement of,3,0.2773231193549902
of responsibility,3,0.2773231193549902
responsibility for,2,-0.013400334805464332
a supplies,3,0.2773231193549902
the editor,1,-0.30412378896591885
editor where,1,-0.30412378896591885
where multiple,1,-0.30412378896591885
multiple editors,1,-0.30412378896591885
editors are,1,-0.30412378896591885
are editorial,1,-0.30412378896591885
editorial practice,1,-0.30412378896591885
practice declaration,1,-0.30412378896591885
declaration provides,3,0.2773231193549902
provides details,1,-0.30412378896591885
of editorial,1,-0.30412378896591885
editorial principles,1,-0.30412378896591885
principles and,1,-0.30412378896591885
and practices,1,-0.30412378896591885
practices applied,1,-0.30412378896591885
applied specifies,1,-0.30412378896591885
the xaira,1,-0.30412378896591885
xaira indexing,1,-0.30412378896591885
more identifies,1,-0.30412378896591885
element to,1,-0.30412378896591885
element or,1,-0.30412378896591885
or its,1,-0.30412378896591885
its no,1,-0.30412378896591885
element will,2,-0.013400334805464332
be only,2,-0.013400334805464332
only the,3,0.2773231193549902
text and,3,0.2773231193549902
and child,1,-0.30412378896591885
child content,1,-0.30412378896591885
content of,1,-0.30412378896591885
the start,1,-0.30412378896591885
start and,1,-0.30412378896591885
and end,1,-0.30412378896591885
end tags,1,-0.30412378896591885
tags for,1,-0.30412378896591885
the encoding,1,-0.30412378896591885
encoding description,1,-0.30412378896591885
description documents,1,-0.30412378896591885
documents the,1,-0.30412378896591885
the relationship,2,-0.013400334805464332
relationship between,1,-0.30412378896591885
between an,1,-0.30412378896591885
an electronic,3,0.2773231193549902
electronic text,1,-0.30412378896591885
and the,2,-0.013400334805464332
the event,2,-0.013400334805464332
event any,1,-0.30412378896591885
any phenomenon,1,-0.30412378896591885
phenomenon or,1,-0.30412378896591885
or occurrence,1,-0.30412378896591885
occurrence not,1,-0.30412378896591885
not necessarily,3,0.2773231193549902
necessarily vocalized,1,-0.30412378896591885
vocalized or,1,-0.30412378896591885
or provides,1,-0.30412378896591885
event duration,2,-0.013400334805464332
duration indicates,4,0.5680465735154447
the duration,4,0.5680465735154447
duration of,4,0.5680465735154447
element in,4,0.5680465735154447
in minutes,4,0.5680465735154447
minutes specifies,1,-0.30412378896591885
the approximate,1,-0.30412378896591885
approximate size,1,-0.30412378896591885
size of,1,-0.30412378896591885
in orthographic,1,-0.30412378896591885
orthographic file,1,-0.30412378896591885
file description,1,-0.30412378896591885
a full,1,-0.30412378896591885
full bibliographic,1,-0.30412378896591885
of an,3,0.2773231193549902
electronic omitted,1,-0.30412378896591885
omitted material,1,-0.30412378896591885
material indicates,1,-0.30412378896591885
indicates a,1,-0.30412378896591885
a point,1,-0.30412378896591885
point where,1,-0.30412378896591885
where material,1,-0.30412378896591885
material has,1,-0.30412378896591885
been omitted,2,-0.013400334805464332
omitted from,1,-0.30412378896591885
the briefly,1,-0.30412378896591885
briefly describes,1,-0.30412378896591885
material which,1,-0.30412378896591885
omitted gives,1,-0.30412378896591885
gives further,1,-0.30412378896591885
further details,1,-0.30412378896591885
the reason,1,-0.30412378896591885
reason for,1,-0.30412378896591885
for omission,1,-0.30412378896591885
omission indicates,1,-0.30412378896591885
the generic,1,-0.30412378896591885
generic identifier,3,0.2773231193549902
identifier contains,3,0.2773231193549902
name generic,2,-0.013400334805464332
identifier of,2,-0.013400334805464332
an element,2,-0.013400334805464332
element supplies,1,-0.30412378896591885
be heading,1,-0.30412378896591885
heading contains,1,-0.30412378896591885
contains any,4,0.5680465735154447
any type,1,-0.30412378896591885
type of,3,0.2773231193549902
of heading,2,-0.013400334805464332
heading for,1,-0.30412378896591885
example the,1,-0.30412378896591885
the title,2,-0.013400334805464332
title of,3,0.2773231193549902
a section,1,-0.30412378896591885
section a,1,-0.30412378896591885
a major,1,-0.30412378896591885
major heading,1,-0.30412378896591885
heading any,1,-0.30412378896591885
any subheading,1,-0.30412378896591885
subheading a,1,-0.30412378896591885
a subheading,1,-0.30412378896591885
subheading providing,1,-0.30412378896591885
providing the,1,-0.30412378896591885
a a,3,0.2773231193549902
crossedout highlighted,1,-0.30412378896591885
highlighted marks,1,-0.30412378896591885
marks a,1,-0.30412378896591885
a word,3,0.2773231193549902
word or,2,-0.013400334805464332
or phrase,2,-0.013400334805464332
phrase as,1,-0.30412378896591885
as graphically,1,-0.30412378896591885
graphically distinct,1,-0.30412378896591885
distinct from,1,-0.30412378896591885
the a,3,0.2773231193549902
crossedout contains,4,0.5680465735154447
identifier or,1,-0.30412378896591885
or name,1,-0.30412378896591885
name for,2,-0.013400334805464332
an object,1,-0.30412378896591885
object of,1,-0.30412378896591885
of some,1,-0.30412378896591885
some kind,1,-0.30412378896591885
kind in,1,-0.30412378896591885
a formal,2,-0.013400334805464332
formal language,1,-0.30412378896591885
language supplies,1,-0.30412378896591885
be identifying,1,-0.30412378896591885
number supplies,1,-0.30412378896591885
identifying code,1,-0.30412378896591885
code for,1,-0.30412378896591885
text categorizes,1,-0.30412378896591885
categorizes the,2,-0.013400334805464332
the code,1,-0.30412378896591885
code number,1,-0.30412378896591885
used categorizes,1,-0.30412378896591885
the number,3,0.2773231193549902
example as,1,-0.30412378896591885
as an,1,-0.30412378896591885
an isbn,1,-0.30412378896591885
isbn or,1,-0.30412378896591885
other groups,1,-0.30412378896591885
the publication,2,-0.013400334805464332
publication or,2,-0.013400334805464332
or distribution,2,-0.013400334805464332
distribution internal,1,-0.30412378896591885
one a,1,-0.30412378896591885
crossedout supplies,1,-0.30412378896591885
of element,2,-0.013400334805464332
element names,2,-0.013400334805464332
names carrying,1,-0.30412378896591885
carrying an,1,-0.30412378896591885
attribute which,1,-0.30412378896591885
has keywords,1,-0.30412378896591885
keywords contains,1,-0.30412378896591885
of keywords,1,-0.30412378896591885
keywords or,1,-0.30412378896591885
or phrases,1,-0.30412378896591885
phrases identifying,1,-0.30412378896591885
the topic,2,-0.013400334805464332
topic or,2,-0.013400334805464332
or identifies,1,-0.30412378896591885
the controlled,1,-0.30412378896591885
controlled vocabulary,1,-0.30412378896591885
vocabulary within,1,-0.30412378896591885
the set,1,-0.30412378896591885
set of,2,-0.013400334805464332
of verse,3,0.2773231193549902
verse line,1,-0.30412378896591885
line contains,1,-0.30412378896591885
single possibly,1,-0.30412378896591885
possibly incomplete,1,-0.30412378896591885
incomplete line,1,-0.30412378896591885
line of,1,-0.30412378896591885
verse a,1,-0.30412378896591885
the label,2,-0.013400334805464332
label associated,1,-0.30412378896591885
with an,1,-0.30412378896591885
an item,1,-0.30412378896591885
item in,1,-0.30412378896591885
list in,1,-0.30412378896591885
crossedout specifies,1,-0.30412378896591885
label to,1,-0.30412378896591885
be generated,2,-0.013400334805464332
generated for,1,-0.30412378896591885
the parent,1,-0.30412378896591885
parent reference,1,-0.30412378896591885
reference specifies,1,-0.30412378896591885
specifies when,1,-0.30412378896591885
when the,3,0.2773231193549902
the new,2,-0.013400334805464332
new label,3,0.2773231193549902
label is,3,0.2773231193549902
generated a,1,-0.30412378896591885
a new,4,0.5680465735154447
is generated,2,-0.013400334805464332
generated when,2,-0.013400334805464332
when a,2,-0.013400334805464332
new a,1,-0.30412378896591885
new language,1,-0.30412378896591885
language usage,1,-0.30412378896591885
usage describes,1,-0.30412378896591885
the languages,1,-0.30412378896591885
languages sublanguages,1,-0.30412378896591885
sublanguages registers,1,-0.30412378896591885
registers dialects,1,-0.30412378896591885
dialects etc,1,-0.30412378896591885
etc characterizes,1,-0.30412378896591885
characterizes a,1,-0.30412378896591885
single language,1,-0.30412378896591885
language or,1,-0.30412378896591885
or sublanguage,1,-0.30412378896591885
sublanguage used,1,-0.30412378896591885
used within,2,-0.013400334805464332
a language,3,0.2773231193549902
language code,1,-0.30412378896591885
code constructed,1,-0.30412378896591885
constructed as,1,-0.30412378896591885
as defined,1,-0.30412378896591885
defined in,1,-0.30412378896591885
in rfc,1,-0.30412378896591885
rfc 3066,1,-0.30412378896591885
3066 or,1,-0.30412378896591885
or lang,1,-0.30412378896591885
lang attribute,1,-0.30412378896591885
attribute line,1,-0.30412378896591885
line group,1,-0.30412378896591885
group contains,1,-0.30412378896591885
a group,1,-0.30412378896591885
verse lines,1,-0.30412378896591885
lines functioning,1,-0.30412378896591885
functioning as,1,-0.30412378896591885
formal unit,1,-0.30412378896591885
unit contains,1,-0.30412378896591885
any sequence,1,-0.30412378896591885
sequence of,1,-0.30412378896591885
of items,1,-0.30412378896591885
items organized,1,-0.30412378896591885
organized as,1,-0.30412378896591885
list a,1,-0.30412378896591885
crossedout locale,1,-0.30412378896591885
locale contains,1,-0.30412378896591885
the nature,3,0.2773231193549902
nature of,3,0.2773231193549902
a multiword,1,-0.30412378896591885
multiword unit,1,-0.30412378896591885
unit as,1,-0.30412378896591885
by claws,1,-0.30412378896591885
claws that,1,-0.30412378896591885
that is,1,-0.30412378896591885
this word,2,-0.013400334805464332
word adjective,2,-0.013400334805464332
adjective general,2,-0.013400334805464332
general or,2,-0.013400334805464332
or positive,2,-0.013400334805464332
positive eg,2,-0.013400334805464332
eg good,2,-0.013400334805464332
good old,2,-0.013400334805464332
old beautiful,2,-0.013400334805464332
beautiful comparative,2,-0.013400334805464332
comparative adjective,2,-0.013400334805464332
adjective eg,4,0.5680465735154447
eg better,2,-0.013400334805464332
better older,2,-0.013400334805464332
older superlative,2,-0.013400334805464332
superlative adjective,2,-0.013400334805464332
eg best,2,-0.013400334805464332
best oldest,2,-0.013400334805464332
oldest article,2,-0.013400334805464332
article eg,2,-0.013400334805464332
eg the,2,-0.013400334805464332
a an,2,-0.013400334805464332
an no,2,-0.013400334805464332
no general,2,-0.013400334805464332
general adverb,2,-0.013400334805464332
adverb an,2,-0.013400334805464332
an adverb,2,-0.013400334805464332
adverb not,2,-0.013400334805464332
not subclassified,2,-0.013400334805464332
subclassified as,2,-0.013400334805464332
as avp,2,-0.013400334805464332
avp or,2,-0.013400334805464332
or avq,2,-0.013400334805464332
avq see,2,-0.013400334805464332
see below,2,-0.013400334805464332
below eg,2,-0.013400334805464332
eg often,2,-0.013400334805464332
often well,2,-0.013400334805464332
well longer,2,-0.013400334805464332
longer adv,2,-0.013400334805464332
adv furthest,2,-0.013400334805464332
furthest adverb,2,-0.013400334805464332
adverb particle,6,1.1494934818363538
particle eg,2,-0.013400334805464332
eg up,2,-0.013400334805464332
up off,2,-0.013400334805464332
off out,2,-0.013400334805464332
out whadverb,2,-0.013400334805464332
whadverb eg,2,-0.013400334805464332
eg when,2,-0.013400334805464332
when where,2,-0.013400334805464332
where how,2,-0.013400334805464332
how why,2,-0.013400334805464332
why wherever,2,-0.013400334805464332
wherever coordinating,2,-0.013400334805464332
coordinating conjunction,2,-0.013400334805464332
conjunction eg,4,0.5680465735154447
eg and,2,-0.013400334805464332
and or,2,-0.013400334805464332
or but,2,-0.013400334805464332
but subordinating,2,-0.013400334805464332
subordinating conjunction,12,2.8938342067990805
eg although,2,-0.013400334805464332
although when,2,-0.013400334805464332
the subordinating,2,-0.013400334805464332
conjunction that,2,-0.013400334805464332
that cardinal,2,-0.013400334805464332
cardinal number,2,-0.013400334805464332
number eg,4,0.5680465735154447
eg one,2,-0.013400334805464332
one 3,2,-0.013400334805464332
3 fiftyfive,2,-0.013400334805464332
fiftyfive 3609,2,-0.013400334805464332
3609 possessive,2,-0.013400334805464332
possessive determinerpronoun,2,-0.013400334805464332
determinerpronoun eg,2,-0.013400334805464332
eg your,2,-0.013400334805464332
your their,2,-0.013400334805464332
their his,2,-0.013400334805464332
his general,2,-0.013400334805464332
general determinerpronoun,2,-0.013400334805464332
determinerpronoun ie,2,-0.013400334805464332
ie a,3,0.2773231193549902
a determinerpronoun,2,-0.013400334805464332
determinerpronoun which,2,-0.013400334805464332
which is,2,-0.013400334805464332
not a,2,-0.013400334805464332
a dtq,2,-0.013400334805464332
dtq or,2,-0.013400334805464332
an at0,2,-0.013400334805464332
at0 whdeterminerpronoun,2,-0.013400334805464332
whdeterminerpronoun eg,2,-0.013400334805464332
eg which,2,-0.013400334805464332
which what,2,-0.013400334805464332
what whose,2,-0.013400334805464332
whose whichever,2,-0.013400334805464332
whichever existential,2,-0.013400334805464332
existential there,2,-0.013400334805464332
there ie,2,-0.013400334805464332
ie there,2,-0.013400334805464332
there occurring,2,-0.013400334805464332
occurring in,2,-0.013400334805464332
the there,2,-0.013400334805464332
is or,2,-0.013400334805464332
or there,2,-0.013400334805464332
there are,2,-0.013400334805464332
are construction,2,-0.013400334805464332
construction interjection,2,-0.013400334805464332
interjection or,2,-0.013400334805464332
other isolate,2,-0.013400334805464332
isolate eg,2,-0.013400334805464332
eg oh,2,-0.013400334805464332
oh yes,2,-0.013400334805464332
yes mhm,2,-0.013400334805464332
mhm wow,2,-0.013400334805464332
wow common,2,-0.013400334805464332
common noun,6,1.1494934818363538
noun neutral,2,-0.013400334805464332
neutral for,2,-0.013400334805464332
for number,2,-0.013400334805464332
eg aircraft,2,-0.013400334805464332
aircraft data,2,-0.013400334805464332
data committee,2,-0.013400334805464332
committee singular,2,-0.013400334805464332
singular common,2,-0.013400334805464332
noun eg,6,1.1494934818363538
eg pencil,2,-0.013400334805464332
pencil goose,2,-0.013400334805464332
goose time,2,-0.013400334805464332
time revelation,2,-0.013400334805464332
revelation plural,2,-0.013400334805464332
plural common,2,-0.013400334805464332
eg pencils,2,-0.013400334805464332
pencils geese,2,-0.013400334805464332
geese times,2,-0.013400334805464332
times revelations,2,-0.013400334805464332
revelations proper,2,-0.013400334805464332
proper noun,9,2.0216638443177173
eg london,2,-0.013400334805464332
london michael,2,-0.013400334805464332
michael mars,2,-0.013400334805464332
mars ibm,2,-0.013400334805464332
ibm ordinal,2,-0.013400334805464332
ordinal numeral,2,-0.013400334805464332
numeral eg,2,-0.013400334805464332
eg first,2,-0.013400334805464332
first sixth,2,-0.013400334805464332
sixth 77th,2,-0.013400334805464332
77th last,2,-0.013400334805464332
last indefinite,2,-0.013400334805464332
indefinite pronoun,6,1.1494934818363538
pronoun eg,6,1.1494934818363538
eg none,2,-0.013400334805464332
none everything,2,-0.013400334805464332
everything one,2,-0.013400334805464332
one as,2,-0.013400334805464332
as pronoun,2,-0.013400334805464332
pronoun nobody,2,-0.013400334805464332
nobody personal,2,-0.013400334805464332
personal pronoun,2,-0.013400334805464332
eg i,2,-0.013400334805464332
i you,2,-0.013400334805464332
you them,2,-0.013400334805464332
them ours,2,-0.013400334805464332
ours whpronoun,2,-0.013400334805464332
whpronoun eg,2,-0.013400334805464332
eg who,2,-0.013400334805464332
who whoever,2,-0.013400334805464332
whoever whom,2,-0.013400334805464332
whom reflexive,2,-0.013400334805464332
reflexive pronoun,2,-0.013400334805464332
eg myself,2,-0.013400334805464332
myself yourself,2,-0.013400334805464332
yourself itself,2,-0.013400334805464332
itself ourselves,2,-0.013400334805464332
ourselves the,2,-0.013400334805464332
the possessive,2,-0.013400334805464332
possessive or,2,-0.013400334805464332
or genitive,2,-0.013400334805464332
genitive marker,2,-0.013400334805464332
marker s,2,-0.013400334805464332
s or,2,-0.013400334805464332
or the,2,-0.013400334805464332
the preposition,2,-0.013400334805464332
preposition of,2,-0.013400334805464332
of preposition,2,-0.013400334805464332
preposition except,2,-0.013400334805464332
except for,4,0.5680465735154447
for of,2,-0.013400334805464332
of eg,2,-0.013400334805464332
eg about,2,-0.013400334805464332
about at,2,-0.013400334805464332
at in,2,-0.013400334805464332
in on,2,-0.013400334805464332
on on,2,-0.013400334805464332
on behalf,2,-0.013400334805464332
behalf of,2,-0.013400334805464332
of with,2,-0.013400334805464332
with infinitive,2,-0.013400334805464332
infinitive marker,2,-0.013400334805464332
marker to,2,-0.013400334805464332
to unclassified,2,-0.013400334805464332
unclassified items,2,-0.013400334805464332
items which,2,-0.013400334805464332
which are,2,-0.013400334805464332
are not,2,-0.013400334805464332
not appropriately,2,-0.013400334805464332
appropriately considered,2,-0.013400334805464332
considered as,2,-0.013400334805464332
as items,2,-0.013400334805464332
items of,2,-0.013400334805464332
the english,2,-0.013400334805464332
english lexicon,2,-0.013400334805464332
lexicon the,2,-0.013400334805464332
the present,2,-0.013400334805464332
present tense,2,-0.013400334805464332
tense forms,4,0.5680465735154447
forms of,4,0.5680465735154447
the verb,36,9.871197106649989
verb be,14,3.47528111511999
be except,2,-0.013400334805464332
for is,2,-0.013400334805464332
is s,4,0.5680465735154447
s ie,2,-0.013400334805464332
ie am,2,-0.013400334805464332
am are,2,-0.013400334805464332
are m,2,-0.013400334805464332
m re,2,-0.013400334805464332
re and,2,-0.013400334805464332
and be,2,-0.013400334805464332
be subjunctive,2,-0.013400334805464332
subjunctive or,2,-0.013400334805464332
or imperative,2,-0.013400334805464332
imperative the,2,-0.013400334805464332
the past,16,4.056728023440899
past tense,16,4.056728023440899
be was,2,-0.013400334805464332
was and,2,-0.013400334805464332
and were,2,-0.013400334805464332
were the,2,-0.013400334805464332
the ing,8,1.7309403901572629
ing form,8,1.7309403901572629
be being,2,-0.013400334805464332
being the,2,-0.013400334805464332
the infinitive,8,1.7309403901572629
infinitive form,8,1.7309403901572629
be be,2,-0.013400334805464332
be the,2,-0.013400334805464332
past participle,16,4.056728023440899
participle form,8,1.7309403901572629
be been,2,-0.013400334805464332
the s,8,1.7309403901572629
s form,8,1.7309403901572629
be is,2,-0.013400334805464332
s the,4,0.5680465735154447
the finite,6,1.1494934818363538
finite base,6,1.1494934818363538
base form,6,1.1494934818363538
be do,2,-0.013400334805464332
do the,4,0.5680465735154447
tense form,6,1.1494934818363538
verb do,10,2.3123872984781717
do did,2,-0.013400334805464332
did the,2,-0.013400334805464332
do doing,2,-0.013400334805464332
doing the,2,-0.013400334805464332
do do,2,-0.013400334805464332
do done,2,-0.013400334805464332
done the,2,-0.013400334805464332
do does,2,-0.013400334805464332
does s,2,-0.013400334805464332
verb have,12,2.8938342067990805
have have,4,0.5680465735154447
have ve,2,-0.013400334805464332
ve the,2,-0.013400334805464332
have had,4,0.5680465735154447
had d,2,-0.013400334805464332
have having,2,-0.013400334805464332
having the,2,-0.013400334805464332
have the,2,-0.013400334805464332
had the,2,-0.013400334805464332
have has,2,-0.013400334805464332
has s,2,-0.013400334805464332
s modal,2,-0.013400334805464332
modal auxiliary,2,-0.013400334805464332
auxiliary verb,2,-0.013400334805464332
verb eg,2,-0.013400334805464332
eg will,2,-0.013400334805464332
will would,2,-0.013400334805464332
would can,2,-0.013400334805464332
can could,2,-0.013400334805464332
could ll,2,-0.013400334805464332
ll d,2,-0.013400334805464332
of lexical,12,2.8938342067990805
lexical verbs,12,2.8938342067990805
verbs eg,12,2.8938342067990805
eg forget,4,0.5680465735154447
forget send,4,0.5680465735154447
send live,4,0.5680465735154447
live return,4,0.5680465735154447
return including,2,-0.013400334805464332
including the,2,-0.013400334805464332
the imperative,2,-0.013400334805464332
imperative and,2,-0.013400334805464332
and present,2,-0.013400334805464332
present subjunctive,2,-0.013400334805464332
subjunctive the,2,-0.013400334805464332
eg forgot,2,-0.013400334805464332
forgot sent,2,-0.013400334805464332
sent lived,4,0.5680465735154447
lived returned,4,0.5680465735154447
returned the,4,0.5680465735154447
eg forgetting,2,-0.013400334805464332
forgetting sending,2,-0.013400334805464332
sending living,2,-0.013400334805464332
living returning,2,-0.013400334805464332
returning the,2,-0.013400334805464332
return the,2,-0.013400334805464332
eg forgotten,2,-0.013400334805464332
forgotten sent,2,-0.013400334805464332
eg forgets,2,-0.013400334805464332
forgets sends,2,-0.013400334805464332
sends lives,2,-0.013400334805464332
lives returns,2,-0.013400334805464332
returns the,2,-0.013400334805464332
the negative,2,-0.013400334805464332
negative particle,2,-0.013400334805464332
particle not,2,-0.013400334805464332
not or,2,-0.013400334805464332
or nt,2,-0.013400334805464332
nt alphabetical,2,-0.013400334805464332
alphabetical symbols,2,-0.013400334805464332
symbols eg,2,-0.013400334805464332
eg a,2,-0.013400334805464332
a b,2,-0.013400334805464332
b b,2,-0.013400334805464332
b c,2,-0.013400334805464332
c d,2,-0.013400334805464332
d probably,2,-0.013400334805464332
probably aj0,10,2.3123872984781717
aj0 adjective,18,4.6381749317618075
adjective but,10,2.3123872984781717
but maybe,60,16.848560006500897
maybe av0,2,-0.013400334805464332
av0 adverb,4,0.5680465735154447
adverb probably,4,0.5680465735154447
maybe nn1,8,1.7309403901572629
nn1 singular,16,4.056728023440899
singular noun,16,4.056728023440899
noun probably,10,2.3123872984781717
maybe vvd,4,0.5680465735154447
vvd verb,8,1.7309403901572629
verb past,16,4.056728023440899
tense probably,4,0.5680465735154447
maybe vvg,4,0.5680465735154447
vvg ing,8,1.7309403901572629
ing verb,8,1.7309403901572629
verb probably,8,1.7309403901572629
maybe vvn,4,0.5680465735154447
vvn verb,8,1.7309403901572629
participle probably,4,0.5680465735154447
probably av0,2,-0.013400334805464332
adverb but,4,0.5680465735154447
maybe aj0,10,2.3123872984781717
adjective probably,8,1.7309403901572629
probably avp,2,-0.013400334805464332
avp adverb,4,0.5680465735154447
particle but,2,-0.013400334805464332
maybe prp,4,0.5680465735154447
prp preposition,8,1.7309403901572629
preposition probably,4,0.5680465735154447
probably avq,2,-0.013400334805464332
avq wh,4,0.5680465735154447
wh adverb,4,0.5680465735154447
maybe cjs,4,0.5680465735154447
cjs subordinating,8,1.7309403901572629
conjunction probably,6,1.1494934818363538
probably cjs,4,0.5680465735154447
conjunction but,6,1.1494934818363538
maybe avq,2,-0.013400334805464332
probably cjt,2,-0.013400334805464332
cjt that,4,0.5680465735154447
that as,4,0.5680465735154447
as conjunction,4,0.5680465735154447
maybe dt0,2,-0.013400334805464332
dt0 determiner,4,0.5680465735154447
determiner probably,2,-0.013400334805464332
probably crd,2,-0.013400334805464332
crd number,4,0.5680465735154447
number but,2,-0.013400334805464332
maybe pni,2,-0.013400334805464332
pni indefinite,4,0.5680465735154447
pronoun probably,2,-0.013400334805464332
probably dt0,2,-0.013400334805464332
determiner but,2,-0.013400334805464332
maybe cjt,2,-0.013400334805464332
probably nn1,8,1.7309403901572629
noun but,12,2.8938342067990805
maybe np0,2,-0.013400334805464332
np0 proper,4,0.5680465735154447
maybe vvb,2,-0.013400334805464332
vvb verb,4,0.5680465735154447
probably nn2,2,-0.013400334805464332
nn2 plural,4,0.5680465735154447
plural noun,4,0.5680465735154447
maybe vvz,2,-0.013400334805464332
vvz s,4,0.5680465735154447
s verb,4,0.5680465735154447
probably np0,2,-0.013400334805464332
probably pni,2,-0.013400334805464332
pronoun but,2,-0.013400334805464332
maybe crd,2,-0.013400334805464332
number probably,2,-0.013400334805464332
probably prp,4,0.5680465735154447
preposition but,4,0.5680465735154447
maybe avp,2,-0.013400334805464332
particle probably,2,-0.013400334805464332
probably vvb,2,-0.013400334805464332
verb but,8,1.7309403901572629
probably vvd,4,0.5680465735154447
tense but,4,0.5680465735154447
probably vvg,4,0.5680465735154447
probably vvn,4,0.5680465735154447
participle but,4,0.5680465735154447
aj0 probably,2,-0.013400334805464332
probably vvz,2,-0.013400334805464332
maybe nn2,2,-0.013400334805464332
noun name,1,-0.30412378896591885
name proper,1,-0.30412378896591885
noun contains,1,-0.30412378896591885
a proper,2,-0.013400334805464332
noun or,2,-0.013400334805464332
or noun,1,-0.30412378896591885
noun phrase,1,-0.30412378896591885
phrase supplies,1,-0.30412378896591885
names or,1,-0.30412378896591885
or attribute,1,-0.30412378896591885
attribute identifiers,1,-0.30412378896591885
identifiers supplies,1,-0.30412378896591885
the formal,1,-0.30412378896591885
formal name,2,-0.013400334805464332
the elements,2,-0.013400334805464332
elements the,1,-0.30412378896591885
the full,2,-0.013400334805464332
full formal,1,-0.30412378896591885
namespace concerned,1,-0.30412378896591885
concerned contains,1,-0.30412378896591885
a note,1,-0.30412378896591885
note or,1,-0.30412378896591885
or annotation,1,-0.30412378896591885
annotation internal,1,-0.30412378896591885
a persons,2,-0.013400334805464332
persons trade,1,-0.30412378896591885
trade paragraph,1,-0.30412378896591885
paragraph marks,1,-0.30412378896591885
marks paragraphs,1,-0.30412378896591885
paragraphs in,1,-0.30412378896591885
in prose,1,-0.30412378896591885
prose indicates,1,-0.30412378896591885
indicates how,1,-0.30412378896591885
how the,1,-0.30412378896591885
the paragraph,1,-0.30412378896591885
paragraph is,1,-0.30412378896591885
is displayed,1,-0.30412378896591885
displayed a,1,-0.30412378896591885
contains descriptive,1,-0.30412378896591885
descriptive text,1,-0.30412378896591885
text appearing,1,-0.30412378896591885
appearing within,1,-0.30412378896591885
within components,1,-0.30412378896591885
components of,1,-0.30412378896591885
tei header,2,-0.013400334805464332
header participation,1,-0.30412378896591885
participation description,1,-0.30412378896591885
description describes,3,0.2773231193549902
the identifiable,1,-0.30412378896591885
identifiable speakers,1,-0.30412378896591885
speakers voices,1,-0.30412378896591885
voices or,1,-0.30412378896591885
other participants,1,-0.30412378896591885
participants internal,1,-0.30412378896591885
identifier a,1,-0.30412378896591885
a pause,1,-0.30412378896591885
pause either,1,-0.30412378896591885
either between,1,-0.30412378896591885
between or,1,-0.30412378896591885
or within,1,-0.30412378896591885
within utterances,1,-0.30412378896591885
utterances duration,1,-0.30412378896591885
minutes page,1,-0.30412378896591885
page break,1,-0.30412378896591885
break marks,1,-0.30412378896591885
marks the,2,-0.013400334805464332
the boundary,1,-0.30412378896591885
boundary between,1,-0.30412378896591885
between one,1,-0.30412378896591885
one page,1,-0.30412378896591885
page of,1,-0.30412378896591885
the next,1,-0.30412378896591885
next gives,1,-0.30412378896591885
gives the,1,-0.30412378896591885
number of,2,-0.013400334805464332
the page,1,-0.30412378896591885
page beginning,1,-0.30412378896591885
beginning here,1,-0.30412378896591885
here personal,1,-0.30412378896591885
personal name,1,-0.30412378896591885
name contains,2,-0.013400334805464332
or propernoun,1,-0.30412378896591885
propernoun phrase,1,-0.30412378896591885
phrase referring,1,-0.30412378896591885
referring to,1,-0.30412378896591885
to a,1,-0.30412378896591885
additional information,2,-0.013400334805464332
information supplied,1,-0.30412378896591885
supplied about,1,-0.30412378896591885
about a,1,-0.30412378896591885
text provides,1,-0.30412378896591885
provides information,2,-0.013400334805464332
about an,1,-0.30412378896591885
an identifiable,1,-0.30412378896591885
identifiable individual,1,-0.30412378896591885
individual for,1,-0.30412378896591885
for place,1,-0.30412378896591885
place name,2,-0.013400334805464332
an absolute,1,-0.30412378896591885
absolute or,1,-0.30412378896591885
or relative,1,-0.30412378896591885
relative place,1,-0.30412378896591885
name supplies,1,-0.30412378896591885
supplies page,1,-0.30412378896591885
page numbers,1,-0.30412378896591885
numbers for,1,-0.30412378896591885
citation textprofile,1,-0.30412378896591885
textprofile description,1,-0.30412378896591885
a detailed,1,-0.30412378896591885
detailed description,1,-0.30412378896591885
of nonbibliographic,1,-0.30412378896591885
nonbibliographic aspects,1,-0.30412378896591885
aspects of,1,-0.30412378896591885
a project,1,-0.30412378896591885
project description,1,-0.30412378896591885
describes in,1,-0.30412378896591885
in detail,1,-0.30412378896591885
detail the,1,-0.30412378896591885
the aim,1,-0.30412378896591885
aim or,1,-0.30412378896591885
or purpose,1,-0.30412378896591885
purpose for,1,-0.30412378896591885
for which,1,-0.30412378896591885
which an,1,-0.30412378896591885
electronic contains,1,-0.30412378896591885
place where,1,-0.30412378896591885
where a,1,-0.30412378896591885
bibliographic item,1,-0.30412378896591885
item was,1,-0.30412378896591885
was publication,1,-0.30412378896591885
publication statement,1,-0.30412378896591885
information concerning,1,-0.30412378896591885
concerning the,1,-0.30412378896591885
distribution provides,1,-0.30412378896591885
the organization,1,-0.30412378896591885
organization responsible,1,-0.30412378896591885
for quotation,1,-0.30412378896591885
quotation contains,1,-0.30412378896591885
a phrase,2,-0.013400334805464332
phrase or,2,-0.013400334805464332
or passage,2,-0.013400334805464332
passage attributed,1,-0.30412378896591885
attributed by,1,-0.30412378896591885
the narrator,1,-0.30412378896591885
narrator or,1,-0.30412378896591885
or a,3,0.2773231193549902
crossedout recording,1,-0.30412378896591885
recording event,2,-0.013400334805464332
event details,1,-0.30412378896591885
an audio,1,-0.30412378896591885
audio or,1,-0.30412378896591885
or video,1,-0.30412378896591885
video recording,1,-0.30412378896591885
event recording,1,-0.30412378896591885
recording statement,1,-0.30412378896591885
statement describes,1,-0.30412378896591885
describes a,1,-0.30412378896591885
a set,1,-0.30412378896591885
of recordings,1,-0.30412378896591885
recordings used,1,-0.30412378896591885
used in,1,-0.30412378896591885
in transcription,1,-0.30412378896591885
transcription of,1,-0.30412378896591885
a references,1,-0.30412378896591885
references declaration,1,-0.30412378896591885
provides documentation,1,-0.30412378896591885
the reference,3,0.2773231193549902
reference system,1,-0.30412378896591885
system applicable,1,-0.30412378896591885
applicable to,1,-0.30412378896591885
to relationship,1,-0.30412378896591885
relationship describes,1,-0.30412378896591885
describes any,1,-0.30412378896591885
any kind,3,0.2773231193549902
kind of,4,0.5680465735154447
of relationship,2,-0.013400334805464332
relationship or,1,-0.30412378896591885
or linkage,1,-0.30412378896591885
linkage amongst,1,-0.30412378896591885
amongst a,1,-0.30412378896591885
a specified,1,-0.30412378896591885
specified identifies,1,-0.30412378896591885
the active,1,-0.30412378896591885
active participants,1,-0.30412378896591885
participants in,2,-0.013400334805464332
a nonmutual,2,-0.013400334805464332
nonmutual supplies,1,-0.30412378896591885
of participants,1,-0.30412378896591885
participants amongst,1,-0.30412378896591885
amongst all,1,-0.30412378896591885
all of,1,-0.30412378896591885
of whom,1,-0.30412378896591885
whom the,1,-0.30412378896591885
relationship holds,1,-0.30412378896591885
holds equally,1,-0.30412378896591885
equally supplies,1,-0.30412378896591885
the kind,2,-0.013400334805464332
relationship of,1,-0.30412378896591885
the passive,1,-0.30412378896591885
passive participants,1,-0.30412378896591885
nonmutual contains,1,-0.30412378896591885
phrase describing,1,-0.30412378896591885
describing the,1,-0.30412378896591885
persons statement,1,-0.30412378896591885
responsibility supplies,1,-0.30412378896591885
a statement,1,-0.30412378896591885
for someone,1,-0.30412378896591885
someone responsible,1,-0.30412378896591885
responsible revision,1,-0.30412378896591885
revision description,1,-0.30412378896591885
description summarizes,1,-0.30412378896591885
summarizes the,1,-0.30412378896591885
the revision,1,-0.30412378896591885
revision history,1,-0.30412378896591885
history for,1,-0.30412378896591885
a file,1,-0.30412378896591885
file sunit,1,-0.30412378896591885
sunit contains,1,-0.30412378896591885
a sentencelike,1,-0.30412378896591885
sentencelike division,1,-0.30412378896591885
division of,1,-0.30412378896591885
text sequence,1,-0.30412378896591885
sequence number,1,-0.30412378896591885
number sampling,1,-0.30412378896591885
sampling declaration,1,-0.30412378896591885
declaration contains,1,-0.30412378896591885
a prose,1,-0.30412378896591885
prose description,1,-0.30412378896591885
the rationale,1,-0.30412378896591885
rationale and,1,-0.30412378896591885
and methods,1,-0.30412378896591885
methods used,1,-0.30412378896591885
used setting,1,-0.30412378896591885
setting describes,1,-0.30412378896591885
describes one,1,-0.30412378896591885
one particular,1,-0.30412378896591885
particular setting,1,-0.30412378896591885
setting in,1,-0.30412378896591885
in which,1,-0.30412378896591885
language setting,1,-0.30412378896591885
setting description,1,-0.30412378896591885
the setting,1,-0.30412378896591885
setting or,1,-0.30412378896591885
or settings,1,-0.30412378896591885
settings within,1,-0.30412378896591885
language shift,1,-0.30412378896591885
shift marks,1,-0.30412378896591885
the point,1,-0.30412378896591885
point at,1,-0.30412378896591885
at which,1,-0.30412378896591885
which some,1,-0.30412378896591885
some paralinguistic,1,-0.30412378896591885
paralinguistic feature,2,-0.013400334805464332
feature of,1,-0.30412378896591885
a series,1,-0.30412378896591885
series of,1,-0.30412378896591885
of specifies,1,-0.30412378896591885
new state,1,-0.30412378896591885
state of,1,-0.30412378896591885
the paralinguistic,1,-0.30412378896591885
feature specified,1,-0.30412378896591885
specified supplies,1,-0.30412378896591885
the source,1,-0.30412378896591885
source texts,1,-0.30412378896591885
texts from,1,-0.30412378896591885
from speech,1,-0.30412378896591885
speech an,1,-0.30412378896591885
an individual,1,-0.30412378896591885
individual speech,1,-0.30412378896591885
speech in,1,-0.30412378896591885
a performance,1,-0.30412378896591885
performance text,1,-0.30412378896591885
passage indicates,1,-0.30412378896591885
a specialized,1,-0.30412378896591885
specialized form,1,-0.30412378896591885
heading or,1,-0.30412378896591885
or label,1,-0.30412378896591885
label giving,1,-0.30412378896591885
giving the,1,-0.30412378896591885
of stage,2,-0.013400334805464332
stage direction,2,-0.013400334805464332
direction contains,1,-0.30412378896591885
direction within,1,-0.30412378896591885
a dramatic,1,-0.30412378896591885
dramatic text,1,-0.30412378896591885
single spoken,1,-0.30412378896591885
text ie,1,-0.30412378896591885
a transcription,1,-0.30412378896591885
transcription or,1,-0.30412378896591885
or specifies,1,-0.30412378896591885
of spoken,1,-0.30412378896591885
text demographically,1,-0.30412378896591885
demographically sampled,1,-0.30412378896591885
sampled conversation,1,-0.30412378896591885
conversation any,1,-0.30412378896591885
any other,1,-0.30412378896591885
other spoken,1,-0.30412378896591885
text tagusage,1,-0.30412378896591885
tagusage supplies,1,-0.30412378896591885
the usage,1,-0.30412378896591885
usage of,1,-0.30412378896591885
a specific,1,-0.30412378896591885
specific element,1,-0.30412378896591885
element the,1,-0.30412378896591885
identifier specifies,1,-0.30412378896591885
of occurrences,1,-0.30412378896591885
occurrences of,1,-0.30412378896591885
this element,1,-0.30412378896591885
element within,1,-0.30412378896591885
text tagging,1,-0.30412378896591885
tagging declaration,1,-0.30412378896591885
the xml,1,-0.30412378896591885
xml elements,1,-0.30412378896591885
elements actually,1,-0.30412378896591885
actually used,1,-0.30412378896591885
within taxonomy,1,-0.30412378896591885
taxonomy defines,1,-0.30412378896591885
a typology,1,-0.30412378896591885
typology used,1,-0.30412378896591885
to classify,1,-0.30412378896591885
classify texts,1,-0.30412378896591885
texts either,1,-0.30412378896591885
either implicitly,1,-0.30412378896591885
implicitly by,1,-0.30412378896591885
by tei,1,-0.30412378896591885
header supplies,1,-0.30412378896591885
the descriptive,1,-0.30412378896591885
descriptive and,1,-0.30412378896591885
and declarative,1,-0.30412378896591885
declarative information,1,-0.30412378896591885
information making,1,-0.30412378896591885
making contains,1,-0.30412378896591885
phrase used,1,-0.30412378896591885
to describe,1,-0.30412378896591885
describe the,1,-0.30412378896591885
or nature,1,-0.30412378896591885
single written,1,-0.30412378896591885
text specifies,1,-0.30412378896591885
of written,1,-0.30412378896591885
text academic,1,-0.30412378896591885
prose fiction,1,-0.30412378896591885
fiction and,1,-0.30412378896591885
and verse,1,-0.30412378896591885
verse newspapers,1,-0.30412378896591885
newspapers nonacademic,1,-0.30412378896591885
nonacademic prose,1,-0.30412378896591885
prose and,1,-0.30412378896591885
and biography,1,-0.30412378896591885
biography other,1,-0.30412378896591885
other published,1,-0.30412378896591885
published materials,1,-0.30412378896591885
materials unpublished,1,-0.30412378896591885
unpublished materials,1,-0.30412378896591885
materials text,1,-0.30412378896591885
text classification,1,-0.30412378896591885
classification groups,1,-0.30412378896591885
information which,1,-0.30412378896591885
which describes,1,-0.30412378896591885
nature or,1,-0.30412378896591885
or topic,1,-0.30412378896591885
topic of,1,-0.30412378896591885
full title,1,-0.30412378896591885
a work,2,-0.013400334805464332
work of,1,-0.30412378896591885
of any,1,-0.30412378896591885
kind indicates,1,-0.30412378896591885
the bibliographic,1,-0.30412378896591885
bibliographic level,1,-0.30412378896591885
this title,1,-0.30412378896591885
title title,1,-0.30412378896591885
title statement,1,-0.30412378896591885
work and,1,-0.30412378896591885
and those,1,-0.30412378896591885
those supplies,1,-0.30412378896591885
icuconformant rules,1,-0.30412378896591885
used contains,1,-0.30412378896591885
more truncated,1,-0.30412378896591885
truncated words,1,-0.30412378896591885
words in,1,-0.30412378896591885
in transcribed,1,-0.30412378896591885
speech utterance,1,-0.30412378896591885
utterance a,1,-0.30412378896591885
a stretch,1,-0.30412378896591885
stretch of,1,-0.30412378896591885
of speech,1,-0.30412378896591885
speech usually,1,-0.30412378896591885
usually preceded,1,-0.30412378896591885
preceded and,1,-0.30412378896591885
and followed,1,-0.30412378896591885
followed by,1,-0.30412378896591885
by indicates,1,-0.30412378896591885
of contains,1,-0.30412378896591885
word phrase,1,-0.30412378896591885
passage which,1,-0.30412378896591885
which can,1,-0.30412378896591885
can not,1,-0.30412378896591885
not be,1,-0.30412378896591885
be transcribed,1,-0.30412378896591885
transcribed duration,1,-0.30412378896591885
minutes value,1,-0.30412378896591885
value definition,1,-0.30412378896591885
definition contains,1,-0.30412378896591885
single value,1,-0.30412378896591885
value and,1,-0.30412378896591885
and gloss,1,-0.30412378896591885
gloss pair,1,-0.30412378896591885
pair for,1,-0.30412378896591885
be value,1,-0.30412378896591885
value list,2,-0.013400334805464332
list contains,1,-0.30412378896591885
more valitem,1,-0.30412378896591885
valitem elements,1,-0.30412378896591885
elements defining,1,-0.30412378896591885
defining possible,1,-0.30412378896591885
possible supplies,1,-0.30412378896591885
a previouslydefined,1,-0.30412378896591885
previouslydefined value,1,-0.30412378896591885
list to,1,-0.30412378896591885
be specifies,3,0.2773231193549902
the extensibility,1,-0.30412378896591885
extensibility of,1,-0.30412378896591885
the list,1,-0.30412378896591885
of attribute,1,-0.30412378896591885
attribute values,1,-0.30412378896591885
values only,2,-0.013400334805464332
the values,3,0.2773231193549902
values specified,3,0.2773231193549902
specified are,2,-0.013400334805464332
are permitted,1,-0.30412378896591885
permitted all,1,-0.30412378896591885
specified should,1,-0.30412378896591885
be supported,1,-0.30412378896591885
supported but,1,-0.30412378896591885
but the,1,-0.30412378896591885
are sample,1,-0.30412378896591885
sample values,1,-0.30412378896591885
only supplies,1,-0.30412378896591885
specifies where,1,-0.30412378896591885
where the,1,-0.30412378896591885
the indexer,1,-0.30412378896591885
indexer is,1,-0.30412378896591885
to find,1,-0.30412378896591885
find a,1,-0.30412378896591885
a value,1,-0.30412378896591885
value supplies,1,-0.30412378896591885
be indicates,2,-0.013400334805464332
of value,1,-0.30412378896591885
value to,1,-0.30412378896591885
be found,1,-0.30412378896591885
found element,1,-0.30412378896591885
content attribute,1,-0.30412378896591885
attribute content,1,-0.30412378896591885
content content,1,-0.30412378896591885
content returned,1,-0.30412378896591885
returned by,1,-0.30412378896591885
by one,1,-0.30412378896591885
one of,1,-0.30412378896591885
the pseudo,1,-0.30412378896591885
pseudo indicates,1,-0.30412378896591885
indicates whether,1,-0.30412378896591885
whether the,1,-0.30412378896591885
value required,1,-0.30412378896591885
required should,1,-0.30412378896591885
be casefolded,1,-0.30412378896591885
casefolded or,1,-0.30412378896591885
or vocalized,1,-0.30412378896591885
vocalized semilexical,1,-0.30412378896591885
semilexical any,1,-0.30412378896591885
any vocalized,1,-0.30412378896591885
vocalized but,1,-0.30412378896591885
but not,1,-0.30412378896591885
necessarily lexical,1,-0.30412378896591885
lexical phenomenon,1,-0.30412378896591885
phenomenon for,1,-0.30412378896591885
example provides,1,-0.30412378896591885
the vocal,1,-0.30412378896591885
vocal event,1,-0.30412378896591885
minutes indicates,1,-0.30412378896591885
of word,1,-0.30412378896591885
word represents,1,-0.30412378896591885
represents a,1,-0.30412378896591885
a grammatical,1,-0.30412378896591885
grammatical not,1,-0.30412378896591885
necessarily orthographic,1,-0.30412378896591885
orthographic word,1,-0.30412378896591885
word supplies,1,-0.30412378896591885
a simplified,1,-0.30412378896591885
simplified partofspeech,1,-0.30412378896591885
partofspeech code,1,-0.30412378896591885
code adjective,1,-0.30412378896591885
adjective adverb,1,-0.30412378896591885
adverb article,1,-0.30412378896591885
article conjunction,1,-0.30412378896591885
conjunction interjection,1,-0.30412378896591885
interjection preposition,1,-0.30412378896591885
preposition pronoun,1,-0.30412378896591885
pronoun punctuation,1,-0.30412378896591885
punctuation substantive,1,-0.30412378896591885
substantive unclassified,1,-0.30412378896591885
unclassified or,1,-0.30412378896591885
or nonlexical,1,-0.30412378896591885
nonlexical word,1,-0.30412378896591885
word verb,1,-0.30412378896591885
verb specifies,1,-0.30412378896591885
the headword,1,-0.30412378896591885
headword under,1,-0.30412378896591885
under which,1,-0.30412378896591885
this lexical,1,-0.30412378896591885
lexical unit,1,-0.30412378896591885
unit is,1,-0.30412378896591885
is supplies,1,-0.30412378896591885
noun provides,1,-0.30412378896591885
provides data,1,-0.30412378896591885
data needed,1,-0.30412378896591885
needed to,1,-0.30412378896591885
to define,1,-0.30412378896591885
define one,1,-0.30412378896591885
one part,1,-0.30412378896591885
a xaira,1,-0.30412378896591885
xaira specification,1,-0.30412378896591885
specification supplies,1,-0.30412378896591885
indicates what,1,-0.30412378896591885
what is,1,-0.30412378896591885
is defined,1,-0.30412378896591885
defined by,1,-0.30412378896591885
by this,1,-0.30412378896591885
this part,2,-0.013400334805464332
the specification,2,-0.013400334805464332
specification an,1,-0.30412378896591885
element and,1,-0.30412378896591885
and its,1,-0.30412378896591885
its attributes,1,-0.30412378896591885
a lexical,1,-0.30412378896591885
lexical form,1,-0.30412378896591885
form an,1,-0.30412378896591885
an additional,1,-0.30412378896591885
additional key,1,-0.30412378896591885
key a,1,-0.30412378896591885
a lemmatization,1,-0.30412378896591885
lemmatization scheme,1,-0.30412378896591885
scheme a,1,-0.30412378896591885
a region,1,-0.30412378896591885
region the,1,-0.30412378896591885
reference used,2,-0.013400334805464332
to identify,2,-0.013400334805464332
identify the,2,-0.013400334805464332
default scope,1,-0.30412378896591885
scope for,1,-0.30412378896591885
for results,1,-0.30412378896591885
results the,1,-0.30412378896591885
policy for,1,-0.30412378896591885
for some,1,-0.30412378896591885
some the,1,-0.30412378896591885
default language,1,-0.30412378896591885
language for,1,-0.30412378896591885
for any,1,-0.30412378896591885
additional tokenization,1,-0.30412378896591885
tokenization or,1,-0.30412378896591885
or contains,1,-0.30412378896591885
of xaira,1,-0.30412378896591885
xaira parameters,1,-0.30412378896591885
parameters of,1,-0.30412378896591885
particular type,1,-0.30412378896591885
type indicates,1,-0.30412378896591885
the function,1,-0.30412378896591885
specification lists,1,-0.30412378896591885
lists and,1,-0.30412378896591885
and glosses,1,-0.30412378896591885
glosses the,1,-0.30412378896591885
elements specifies,1,-0.30412378896591885
specifies how,2,-0.013400334805464332
how items,2,-0.013400334805464332
items are,2,-0.013400334805464332
are to,2,-0.013400334805464332
indexed specifies,1,-0.30412378896591885
specifies any,4,0.5680465735154447
any lemmatization,1,-0.30412378896591885
lemmatization schemes,1,-0.30412378896591885
schemes specifies,1,-0.30412378896591885
any predefined,1,-0.30412378896591885
predefined ranges,1,-0.30412378896591885
ranges to,1,-0.30412378896591885
be referenced,1,-0.30412378896591885
referenced specifies,1,-0.30412378896591885
any special,1,-0.30412378896591885
special indexing,1,-0.30412378896591885
indexing specifies,1,-0.30412378896591885
any languagespecific,1,-0.30412378896591885
languagespecific rules,1,-0.30412378896591885
rules specifies,1,-0.30412378896591885
specifies additional,1,-0.30412378896591885
information needed,1,-0.30412378896591885
needed by,1,-0.30412378896591885
by xaira,1,-0.30412378896591885
xaira w,1,-0.30412378896591885
w c,1,-0.30412378896591885
c xxx,1,-0.30412378896591885
xxx w,1,-0.30412378896591885
w w,1,-0.30412378896591885
w xxx,1,-0.30412378896591885
xxx defines,1,-0.30412378896591885
defines the,1,-0.30412378896591885
the additional,1,-0.30412378896591885
additional keys,1,-0.30412378896591885
keys used,1,-0.30412378896591885
to support,1,-0.30412378896591885
support filtering,1,-0.30412378896591885
filtering of,1,-0.30412378896591885
text stext,1,-0.30412378896591885
stext teiheader,1,-0.30412378896591885
teiheader wtext,1,-0.30412378896591885
wtext nowhere,1,-0.30412378896591885
nowhere headword,1,-0.30412378896591885
headword pos,1,-0.30412378896591885
pos region,1,-0.30412378896591885
region stext,2,-0.013400334805464332
stext wtext,1,-0.30412378896591885
wtext region,1,-0.30412378896591885
stext region,1,-0.30412378896591885
region teiheader,1,-0.30412378896591885
teiheader bncdoc,1,-0.30412378896591885
bncdoc s,1,-0.30412378896591885
s 12,1,-0.30412378896591885
12 u,1,-0.30412378896591885
u person,1,-0.30412378896591885
person catref,1,-0.30412378896591885
catref the,1,-0.30412378896591885
the language,1,-0.30412378896591885
language of,1,-0.30412378896591885
is modern,1,-0.30412378896591885
modern british,1,-0.30412378896591885
english words,1,-0.30412378896591885
words unknown,1,-0.30412378896591885
unknown speaker,1,-0.30412378896591885
speaker group,1,-0.30412378896591885
of unknown,1,-0.30412378896591885
unknown speakers,1,-0.30412378896591885
speakers introduce,1,-0.30412378896591885
introduce wtext,1,-0.30412378896591885
wtext finalize,1,-0.30412378896591885
finalize header,1,-0.30412378896591885
header generation,1,-0.30412378896591885
generation script,1,-0.30412378896591885
script add,1,-0.30412378896591885
add taxonomy,1,-0.30412378896591885
taxonomy descs,1,-0.30412378896591885
descs and,1,-0.30412378896591885
and tax,1,-0.30412378896591885
tax indexpol,1,-0.30412378896591885
indexpol autogenerated,1,-0.30412378896591885
autogenerated xairaspec,1,-0.30412378896591885
xairaspec from,1,-0.30412378896591885
from bncxmlodd,1,-0.30412378896591885
bncxmlodd handedits,1,-0.30412378896591885
handedits following,1,-0.30412378896591885
following newhrdgenxsl,1,-0.30412378896591885
newhrdgenxsl last,1,-0.30412378896591885
last xaira,1,-0.30412378896591885
xaira index,1,-0.30412378896591885
index run,1,-0.30412378896591885
run final,1,-0.30412378896591885
final manual,2,-0.013400334805464332
manual check,1,-0.30412378896591885
check before,1,-0.30412378896591885
before delivery,1,-0.30412378896591885
delivery to,1,-0.30412378896591885
to ou,1,-0.30412378896591885
ou revised,1,-0.30412378896591885
revised taxonomy,1,-0.30412378896591885
taxonomy definitions,1,-0.30412378896591885
definitions final,1,-0.30412378896591885
manual corrections,2,-0.013400334805464332
corrections for,2,-0.013400334805464332
for bncw,3,0.2773231193549902
bncw further,1,-0.30412378896591885
further manual,1,-0.30412378896591885
bncw manually,1,-0.30412378896591885
manually changed,1,-0.30412378896591885
changed catdescriptions,1,-0.30412378896591885
catdescriptions etc,1,-0.30412378896591885
etc for,1,-0.30412378896591885
bncw corpus,1,-0.30412378896591885
corpus revision,1,-0.30412378896591885
